name,description,price
Quantum Quasar Umbrella,A futuristic quantum-powered umbrella that shields you from raindrops with mini quasars of light,49.99
Galactic Gourmet Spork,The ultimate utensil for space food enthusiasts - a combination of a fork spoon and knife made from meteoric alloy,9.95
Nebula Nectar Lip Balm,Experience the cosmic hydration with Nebula Nectar Lip Balm infused with the essence of interstellar fruits,5.99
Lunar Lullaby Sleep Pod,A cozy sleep pod that simulates the tranquility of lunar landscapes helping you drift into otherworldly dreams,129.00
Celestial Scented Candles,Set the mood with scented candles that capture the essence of distant galaxies available in flavors like Stardust Vanilla and Nebula Lavender,19.99
Stellar Serenade Kazoo,Compose cosmic tunes with the Stellar Serenade Kazoo an instrument that harmonizes with the frequencies of the universe,7.99
Galaxy Glitter Beard Kit,Bedazzle your beard with cosmic glitter in shades inspired by the colors of the Milky Way,14.95
Exoplanet Exploration Kit,A DIY kit that lets you create and explore your own fictional exoplanets with bioluminescent flora and fauna,29.99
AstroBlast Energy Drink,Revitalize your energy with AstroBlast a sparkling energy drink infused with the power of asteroid fragments and starlight,2.49
Quantum Quilt Anti-Gravity Blanket,Snuggle up with the Quantum Quilt a blanket that defies gravity giving you the sensation of floating through the cosmos,69.99
Plasma Ray Hair Dryer,Style your hair with the Plasma Ray Hair Dryer a futuristic device that uses plasma technology to dry and style with cosmic precision,39.95
Spaceship Dark Matter Propulor,Upgrade your spaceship with the Dark Matter Propulor a propulsion system that harnesses the mysterious power of dark matter,999999.00
AstroHug Teleportation Pillow,A pillow that teleports you to your dream celestial destination when you give it a cosmic hug,49.99
Quantum Entanglement Pajamas,Experience quantum entanglement in your sleep with these pajamas that connect you with parallel universe dreams,34.99
Starshine Disco Ball,Transform any room into a cosmic dance floor with the Starshine Disco Ball projecting mesmerizing star patterns and cosmic lights,59.99
Eclipsariffic Sunglasses,Shade your eyes with Eclipsariffic Sunglasses lenses that simulate the mesmerizing beauty of a solar eclipse,29.95
Holographic Hyperspace Hula Hoop,Master the art of hula hooping in hyperspace with this holographic multicolored hoop,19.99
Anti-Gravity Cupcake Holder,Display your cupcakes in style with the Anti-Gravity Cupcake Holder defying the laws of gravity with floating deliciousness,14.99
AstroSnuggle Space Blanket,Stay warm and cozy in the AstroSnuggle Space Blanket designed with heat-absorbing technology inspired by distant suns,24.99
Quantum Flux Flux Capacitor,Upgrade your time-travel adventures with the Quantum Flux Flux Capacitor a fictional device that bends the laws of time and space,1999.00
Nebula Noodle Maker,Create otherworldly noodles with the Nebula Noodle Maker which extrudes pasta in the shapes of nebulae and cosmic swirls,49.95
Cosmic Carrot Peeler,Peel your vegetables in style with the Cosmic Carrot Peeler a tool that adds a touch of the universe to your kitchen,7.99
Starship Soundwave Synthesizer,Compose cosmic tunes with the Starship Soundwave Synthesizer a musical instrument that replicates the sounds of interstellar travel,149.00
Quantum Quantum Quantum Board Game,A mind-bending board game where players navigate through quantum realities and challenges,29.99
AstroGlo Virtual Reality Headset,Immerse yourself in a virtual cosmos with the AstroGlo VR Headset where you can explore fictional galaxies and celestial wonders,79.99
Lunar Laser Light Show,Transform your space into a lunar disco with the Lunar Laser Light Show projecting moon-inspired patterns and cosmic colors,39.99
Pluto Plush Planet Toy,Embrace the cuteness of the cosmos with the Pluto Plush Planet Toy a cuddly representation of the dwarf planet,12.99
Galaxy Gourmet Popcorn Seasoning,Elevate your popcorn experience with Galaxy Gourmet Popcorn Seasoning featuring flavors like Supernova Salt and Cosmic Caramel,5.99
Quantum Quench Thirst Quencher,Sip on Quantum Quench a refreshing beverage that claims to hydrate you with the mysterious energy of quantum particles,2.99
Celestial Chess Set,Engage in a strategic battle of the cosmos with the Celestial Chess Set where planets and constellations replace traditional pieces,49.99
AstroGlide Roller Skates,Glide through the universe on AstroGlide Roller Skates equipped with anti-gravity wheels for a smooth celestial journey,79.95
SolarFlare Disco Ball Helmet,Light up the dance floor while staying protected with the SolarFlare Disco Ball Helme a fusion of safety and cosmic style,39.99
UFO Ultimate Frisbee,Challenge your friends to an extraterrestrial game of Ultimate Frisbee with the UFO Frisbee featuring holographic designs and cosmic flight,14.99
Quantum Quantum Leap Quantum Leap Leapfrog Game,Embark on a quantum leapfrog adventure where players jump through alternate realities in this whimsical board game,19.99
Space Shuttle Shuffleboard,A shuffleboard game set on a space shuttle-shaped board where players slide celestial pucks into otherworldly scoring zones,29.99
